{
  "features": [
    "lead_time",
    "total_nights",
    "total_guests",
    "previous_cancellations",
    "booking_changes",
    "adr",
    "is_family",
    "has_previous_cancellation"
  ],
  "means": [
    79.75512772835198,
    3.623551792201848,
    2.025960465715021,
    0.030165632062247906,
    0.2706610979203021,
    105.98333309494522,
    0.10418514174557313,
    0.01889464198872901
  ],
  "scales": [
    85.84029320257645,
    2.747212396882569,
    0.8048921575844498,
    0.3715845440867967,
    0.7297659121418437,
    51.808720819063836,
    0.3055005695330665,
    0.13615298194621653
  ],
  "coefficients": [
    0.3948678957412862,
    0.06816139069727867,
    0.10794041732759141,
    -0.05988991426644318,
    -0.3635327629184,
    0.3019011829174398,
    -0.0283408499008225,
    0.3118135985748829
  ],
  "intercept": -1.0584787468250618
}